S.No,Employee ID,Description,SAM Account Name,Logon Name,Email Address,First Name,Last Name,Full Name,Display Name,Department,Sub Department,Sub Sub Department,Pager,IP Phone,Notes,Distinguished Name,Office,Title,Mobile,Band,Grade,When Created,When Changed,Domain Name,OU Name,Manager,Rep Mgr Emp ID,Rep Mgr Emp Name,Rep Mgr Emp Email ID,Manager Distinguished Name,DOJ,DOB,Zip Code,City,State/Province,Country,Company,Parent-Company,Account Status,Password Status,Account Expiry Time,Password Expiry Date,SFDC Portal ID,SFDC-HTSORGID,Days since password last set,Password Last Set,Pwd Never Expires Flag,ID Type,O365-E3 Exception
1,XAJI0Y,Active Directory User,DIVUZ_XAJI0Y,zpqk5@company.com,user1@company.com,First1,Last1,First1 Last1,First1 Last1,HR,SubDept1,SubSubDept1,7924,192.168.1.88,Sample Note,"CN=User1,OU=Dept1",Office1,Executive,9.18E+11,B2,Junior,01-04-2023,06-06-2021,COMPANY,OrgUnit1,Manager1,DNMMJB,Manager1,manager1@company.com,"CN=Manager1,OU=Dept1",14-12-2021,31-03-1998,230889,Bangalore,Maharashtra,Canada,Vendor Company A,Vendor Group,Inactive,Expired,Never Expires,24-10-2025,UZBIKCID,KWNNHJ7X,311,13-09-2022,No,Generic,Yes
2,TIQJ7Y,Active Directory User,OC6UZ_TIQJ7Y,hr5xf@company.com,user2@company.com,First2,Last2,First2 Last2,First2 Last2,HR,SubDept2,SubSubDept2,5040,192.168.1.191,Sample Note,"CN=User2,OU=Dept2",Office2,Consultant,9.19E+11,B3,Senior,06-03-2023,27-06-2022,COMPANY,OrgUnit2,Manager2,PVN9ER,Manager2,manager2@company.com,"CN=Manager2,OU=Dept2",20-03-2023,08-08-1981,214975,Mumbai,Karnataka,Germany,Bajaj Finserv Health Limited,Bajaj Group,Active,Expired,11-01-2025,Never Expires,N9T84AZY,TJXEPQ85,134,16-02-2022,Yes,Consultant,Yes
3,SDW4SH,Active Directory User,REN93_SDW4SH,iiuc0@company.com,user3@company.com,First3,Last3,First3 Last3,First3 Last3,IT,SubDept3,SubSubDept0,9727,192.168.1.197,Sample Note,"CN=User3,OU=Dept3",Office3,Senior Analyst,9.18E+11,B4,Junior,04-05-2022,13-09-2020,COMPANY,OrgUnit3,Manager3,J5PHT0,Manager3,manager3@company.com,"CN=Manager3,OU=Dept3",08-11-2020,09-08-1990,518373,Delhi,Delhi,Canada,Bajaj Finserv Ventures Limited,Bajaj Group,Inactive,Valid,28-10-2025,Never Expires,ICATVAZC,CBLSKRT0,292,14-06-2022,Yes,Application,No
4,IRODXM,Vendor Account,02DGT_IRODXM,fgq5c@company.com,user4@company.com,First4,Last4,First4 Last4,First4 Last4,Operations,SubDept4,SubSubDept1,2604,192.168.1.13,Sample Note,"CN=User4,OU=Dept4",Office0,Consultant,9.17E+11,B1,Senior,10-12-2023,16-03-2023,COMPANY,OrgUnit4,Manager4,4FRHOC,Manager4,manager4@company.com,"CN=Manager4,OU=Dept4",11-08-2021,27-01-1980,509386,Delhi,Delhi,UK,Bajaj Finserv Limited,Bajaj Group,Inactive,Expired,26-01-2025,Never Expires,FK8UT0CV,S4F8CGVY,120,19-09-2021,Yes,Vendor,Yes
5,-,Active Directory User,IOYKL_7UUBCX,1cq99@company.com,user5@company.com,First5,Last5,First5 Last5,First5 Last5,IT,SubDept0,SubSubDept2,9808,192.168.1.55,Sample Note,"CN=User5,OU=Dept0",Office1,Consultant,9.18E+11,B2,Junior,20-12-2023,26-06-2021,COMPANY,OrgUnit5,Manager5,55NF4Z,Manager5,manager5@company.com,"CN=Manager5,OU=Dept0",08-08-2022,30-12-1997,108203,Chennai,Tamil Nadu,India,Vendor Company B,Vendor Group,Active,Expired,09-04-2025,05-06-2025,EDTJVZHW,JR64DPJA,66,16-09-2022,No,Employee,No
6,-,Active Directory User,PBN78_FPZUE8,bmyym@company.com,user6@company.com,First6,Last6,First6 Last6,First6 Last6,Operations,SubDept1,SubSubDept0,7658,192.168.1.250,Sample Note,"CN=User6,OU=Dept1",Office2,Consultant,9.18E+11,B2,Senior,05-09-2023,09-09-2020,COMPANY,OrgUnit6,Manager6,935A0L,Manager6,manager6@company.com,"CN=Manager6,OU=Dept1",16-12-2023,03-01-1994,941204,Mumbai,Tamil Nadu,USA,Bajaj Finserv Direct Limited,Bajaj Group,Active,Expired,Never Expires,13-01-2025,54I3QK2I,AGL58KXO,274,29-05-2021,No,Employee,Yes
7,-,Active Directory User,NUJZA_E8G8JD,7tz0y@company.com,user7@company.com,First7,Last7,First7 Last7,First7 Last7,Finance,SubDept2,SubSubDept1,8066,192.168.1.18,Sample Note,"CN=User7,OU=Dept2",Office3,Executive,9.20E+11,B3,Junior,27-10-2022,10-08-2023,COMPANY,OrgUnit7,Manager7,E6SYLZ,Manager7,manager7@company.com,"CN=Manager7,OU=Dept2",11-05-2022,30-04-1984,301158,Bangalore,Delhi,USA,Bajaj Finserv Limited,Bajaj Group,Inactive,Expired,Never Expires,04-06-2025,TAKPUXQP,HR62GDSW,171,25-05-2020,No,Consultant,Yes
8,-,Vendor Account,RIXA1_YIHAIR,1dpg8@company.com,user8@company.com,First8,Last8,First8 Last8,First8 Last8,Operations,SubDept3,SubSubDept2,8611,192.168.1.13,Sample Note,"CN=User8,OU=Dept3",Office0,Consultant,9.18E+11,B1,Senior,10-12-2021,26-07-2020,COMPANY,OrgUnit8,Manager8,2Y9V86,Manager8,manager8@company.com,"CN=Manager8,OU=Dept3",09-08-2022,05-03-1997,547470,Chennai,Delhi,USA,Bajaj Housing Finance Limited,Bajaj Group,Inactive,Expired,17-12-2025,Never Expires,JIW1SWJC,KJLTEIYZ,32,06-10-2021,Yes,Vendor,No
9,-,Active Directory User,KO64T_LQC3O1,026rj@company.com,user9@company.com,First9,Last9,First9 Last9,First9 Last9,Sales,SubDept4,SubSubDept0,1475,192.168.1.100,Sample Note,"CN=User9,OU=Dept4",Office1,Executive,9.20E+11,B4,Junior,29-01-2023,13-09-2020,COMPANY,OrgUnit9,Manager9,479T6V,Manager9,manager9@company.com,"CN=Manager9,OU=Dept4",26-10-2022,02-12-1980,188025,Bangalore,Karnataka,Germany,Bajaj Finance Limited,Bajaj Group,Active,Valid,29-12-2024,08-07-2025,JLQM5K8P,4Q0B8IC8,20,17-03-2023,No,Employee,Yes
10,-,Active Directory User,V8Z2F_8HAFEY,lu7u6@company.com,user10@company.com,First10,Last10,First10 Last10,First10 Last10,Sales,SubDept0,SubSubDept1,7498,192.168.1.242,Sample Note,"CN=User10,OU=Dept0",Office2,Senior Analyst,9.17E+11,B2,Senior,07-06-2020,19-12-2022,COMPANY,OrgUnit0,Manager0,14VE92,Manager0,manager0@company.com,"CN=Manager0,OU=Dept0",23-06-2021,15-02-1998,549186,Delhi,Maharashtra,Canada,Vendor Company B,Vendor Group,Inactive,Valid,Never Expires,21-08-2025,43D8W3ZP,08J3TRP0,137,15-05-2021,No,Application,Yes
11,-,Active Directory User,RMJKV_3D5IQV,5usgi@company.com,user11@company.com,First11,Last11,First11 Last11,First11 Last11,Sales,SubDept1,SubSubDept2,9004,192.168.1.143,Sample Note,"CN=User11,OU=Dept1",Office3,Senior Analyst,9.20E+11,B4,Junior,30-09-2022,10-01-2023,COMPANY,OrgUnit1,Manager1,R2DHYL,Manager1,manager1@company.com,"CN=Manager1,OU=Dept1",22-06-2022,22-07-1992,596249,Chennai,West Bengal,UK,Bajaj Finserv Limited,Bajaj Group,Inactive,Expired,Never Expires,09-01-2025,MQLIZL08,YG0JV1V9,99,05-04-2021,No,Consultant,Yes
12,MKZEBB,Active Directory User,UQPGB_MKZEBB,7r3oc@company.com,user12@company.com,First12,Last12,First12 Last12,First12 Last12,IT,SubDept2,SubSubDept0,3485,192.168.1.39,Sample Note,"CN=User12,OU=Dept2",Office0,Consultant,9.18E+11,B1,Senior,20-01-2021,03-07-2020,COMPANY,OrgUnit2,Manager2,UOVW1N,Manager2,manager2@company.com,"CN=Manager2,OU=Dept2",12-11-2023,23-01-1995,411797,Chennai,Delhi,UK,Bajaj Financial Securities Limited,Bajaj Group,Active,Valid,Never Expires,17-11-2025,8HHXFGCA,QVKIZZQY,135,08-05-2023,No,Application,Yes
13,PTX63C,Active Directory User,QKOJT_PTX63C,pv60v@company.com,user13@company.com,First13,Last13,First13 Last13,First13 Last13,IT,SubDept3,SubSubDept1,2496,192.168.1.59,Sample Note,"CN=User13,OU=Dept3",Office1,Consultant,9.20E+11,B1,Junior,03-04-2023,10-11-2022,COMPANY,OrgUnit3,Manager3,3U1GSP,Manager3,manager3@company.com,"CN=Manager3,OU=Dept3",08-03-2021,05-03-1986,713762,Bangalore,Delhi,India,Bajaj Finserv Direct Limited,Bajaj Group,Inactive,Expired,Never Expires,26-10-2025,OLDFORXO,1BDJE153,0,18-10-2022,No,Consultant,No
14,OGN1W1,Active Directory User,5RBW2_OGN1W1,zlaoi@company.com,-,-,-,-,-,-,-,SubSubDept2,8560,192.168.1.243,Sample Note,"CN=User14,OU=Dept4",Office2,Manager,9.20E+11,B2,Senior,13-02-2022,19-12-2023,COMPANY,OrgUnit4,Manager4,ZSJ49I,Manager4,manager4@company.com,"CN=Manager4,OU=Dept4",06-05-2022,02-12-1984,502219,Mumbai,West Bengal,Canada,Bajaj Finserv Health Limited,Bajaj Group,Active,Valid,22-05-2025,Never Expires,J2O7S3KK,V9RFTMTT,233,20-12-2023,Yes,Consultant,No
15,59IN4O,Vendor Account,RBSV5_59IN4O,5psq0@company.com,-,-,-,-,-,-,-,SubSubDept0,3529,192.168.1.20,Sample Note,"CN=User15,OU=Dept0",Office3,Engineer,9.18E+11,B3,Junior,26-08-2022,12-12-2022,COMPANY,OrgUnit5,Manager5,OCLYT8,Manager5,manager5@company.com,"CN=Manager5,OU=Dept0",31-08-2022,08-08-1996,667296,Pune,West Bengal,India,Bajaj Finserv Ventures Limited,Bajaj Group,Active,Expired,Never Expires,22-12-2025,90PDW5PY,6B2KNFTU,92,21-09-2020,No,Vendor,Yes
16,C5WI6F,Active Directory User,6QKTC_C5WI6F,89k8y@company.com,-,-,-,-,-,-,-,SubSubDept1,5949,192.168.1.51,Sample Note,"CN=User16,OU=Dept1",Office0,Engineer,9.19E+11,B1,Senior,03-01-2021,15-08-2021,COMPANY,OrgUnit6,Manager6,UU9K9X,Manager6,manager6@company.com,"CN=Manager6,OU=Dept1",02-03-2021,10-04-1980,693419,Pune,West Bengal,Germany,Bajaj Holding and Investment Limited,Bajaj Group,Inactive,Valid,Never Expires,18-08-2025,VMWWYZX4,W6XLPU0D,151,22-05-2021,No,Consultant,No
17,GET8T6,Active Directory User,QC1IY_GET8T6,yo4ud@company.com,-,-,-,-,-,-,-,SubSubDept2,1228,192.168.1.68,Sample Note,"CN=User17,OU=Dept2",Office1,Consultant,9.18E+11,B4,Junior,26-07-2021,11-11-2022,COMPANY,OrgUnit7,Manager7,0JNWNY,Manager7,manager7@company.com,"CN=Manager7,OU=Dept2",02-01-2022,06-11-1980,749641,Chennai,Tamil Nadu,Canada,Bajaj Finserv Direct Limited,Bajaj Group,Active,Valid,Never Expires,29-08-2025,WQZXEBB9,EITNN8ZT,300,27-02-2023,No,Consultant,Yes
18,5X4W7K,Active Directory User,DYT9M_5X4W7K,oge4q@company.com,-,-,-,-,-,-,-,SubSubDept0,1349,192.168.1.13,Sample Note,"CN=User18,OU=Dept3",Office2,Executive,9.18E+11,B2,Senior,07-05-2023,27-05-2022,COMPANY,OrgUnit8,Manager8,H3TV3I,Manager8,manager8@company.com,"CN=Manager8,OU=Dept3",17-04-2023,07-01-1985,926952,Chennai,Maharashtra,UK,Bajaj Finserv Ventures Limited,Bajaj Group,Active,Valid,25-04-2025,10-08-2025,T2D5EM2V,AJEPECQN,303,18-06-2020,No,Application,No
19,S8B25S,Active Directory User,YR6CC_S8B25S,vcjwt@company.com,user19@company.com,First19,Last19,First19 Last19,First19 Last19,Finance,SubDept4,SubSubDept1,7240,192.168.1.153,Sample Note,"CN=User19,OU=Dept4",Office3,Consultant,9.18E+11,B4,Junior,24-02-2022,29-07-2022,COMPANY,OrgUnit9,Manager9,P2EX5T,Manager9,manager9@company.com,"CN=Manager9,OU=Dept4",06-09-2023,26-04-1987,550961,Bangalore,Karnataka,Germany,Bajaj Holding and Investment Limited,Bajaj Group,Inactive,Expired,19-07-2025,26-01-2025,O0LLJ8YR,DDP0NEC8,287,27-05-2021,No,Generic,Yes
20,O57P6B,Active Directory User,FR4MU_O57P6B,ekipu@company.com,user20@company.com,First20,Last20,First20 Last20,First20 Last20,Operations,SubDept0,SubSubDept2,1430,192.168.1.156,Sample Note,"CN=User20,OU=Dept0",Office0,Executive,9.17E+11,B2,Senior,28-02-2021,27-12-2022,COMPANY,OrgUnit0,Manager0,17MGFX,Manager0,manager0@company.com,"CN=Manager0,OU=Dept0",18-04-2020,29-10-1984,876962,Pune,Maharashtra,Canada,Bajaj Financial Securities Limited,Bajaj Group,Active,Expired,Never Expires,03-06-2025,PMNZ1UDB,FWYJXRPJ,262,25-06-2020,No,Employee,No
21,PKYRYB,Active Directory User,811KE_PKYRYB,rpeti@company.com,user21@company.com,First21,Last21,First21 Last21,First21 Last21,Operations,SubDept1,SubSubDept0,6802,192.168.1.19,Sample Note,"CN=User21,OU=Dept1",Office1,Engineer,9.17E+11,B4,Junior,30-01-2020,15-12-2021,COMPANY,OrgUnit1,Manager1,75UUZP,Manager1,manager1@company.com,"CN=Manager1,OU=Dept1",27-06-2020,12-10-1993,121869,Delhi,Karnataka,Canada,Bajaj Finserv Limited,Bajaj Group,Inactive,Expired,09-04-2025,Never Expires,D4IVSOLM,LGSES6M0,330,20-06-2023,Yes,Employee,Yes
22,IFHV1X,Vendor Account,5WFCP_IFHV1X,kjcsl@company.com,user22@company.com,First22,Last22,First22 Last22,First22 Last22,Sales,SubDept2,SubSubDept1,1616,192.168.1.15,Sample Note,"CN=User22,OU=Dept2",Office2,Executive,9.18E+11,B1,Senior,28-09-2022,04-09-2023,COMPANY,OrgUnit2,Manager2,9DVNU8,Manager2,manager2@company.com,"CN=Manager2,OU=Dept2",21-02-2023,24-05-1981,571579,Chennai,Karnataka,UK,Bajaj Finserv Direct Limited,Bajaj Group,Inactive,Valid,09-12-2025,20-08-2025,8Q349DXB,Z9SVN7N1,347,17-07-2022,No,Vendor,Yes
23,2XCDYK,Active Directory User,7LXXE_2XCDYK,zduxl@company.com,user23@company.com,First23,Last23,First23 Last23,First23 Last23,HR,SubDept3,SubSubDept2,9624,192.168.1.24,Sample Note,"CN=User23,OU=Dept3",Office3,Engineer,9.19E+11,B3,Junior,29-01-2020,17-07-2021,COMPANY,OrgUnit3,Manager3,L8M1G9,Manager3,manager3@company.com,"CN=Manager3,OU=Dept3",28-08-2020,16-08-1982,410160,Pune,West Bengal,Canada,Vendor Company B,Vendor Group,Active,Expired,Never Expires,Never Expires,5WVFGYW6,ZBNZ8V12,119,09-04-2022,Yes,Application,Yes
24,L3Q4N8,Vendor Account,832EJ_L3Q4N8,x5td4@company.com,user24@company.com,First24,Last24,First24 Last24,First24 Last24,IT,SubDept4,SubSubDept0,5670,192.168.1.22,Sample Note,"CN=User24,OU=Dept4",Office0,Senior Analyst,9.18E+11,B4,Senior,07-11-2023,08-03-2022,COMPANY,OrgUnit4,Manager4,FP8HQM,Manager4,manager4@company.com,"CN=Manager4,OU=Dept4",11-02-2020,12-02-1994,155843,Bangalore,West Bengal,UK,Bajaj Holding and Investment Limited,Bajaj Group,Active,Expired,09-09-2025,19-05-2025,9NB74X2E,K3ZEZQAC,131,01-12-2020,No,Vendor,Yes
25,T0SEKK,Active Directory User,4RTWU_T0SEKK,zkamu@company.com,user25@company.com,First25,Last25,First25 Last25,First25 Last25,HR,SubDept0,SubSubDept1,2402,192.168.1.135,Sample Note,"CN=User25,OU=Dept0",Office1,Executive,9.17E+11,B1,Junior,29-08-2021,18-09-2023,COMPANY,OrgUnit5,Manager5,QW9JA2,Manager5,manager5@company.com,"CN=Manager5,OU=Dept0",19-06-2021,15-03-1988,868544,Pune,West Bengal,UK,Bajaj Finance Limited,Bajaj Group,Active,Valid,Never Expires,28-07-2025,MMX3Y9RG,EZ7BH25L,158,11-03-2022,No,Application,No
26,9TJ1GM,Active Directory User,606N9_9TJ1GM,rr7s2@company.com,user26@company.com,First26,Last26,First26 Last26,First26 Last26,Sales,SubDept1,SubSubDept2,2293,192.168.1.111,Sample Note,"CN=User26,OU=Dept1",Office2,Consultant,9.18E+11,B3,Senior,13-05-2021,08-06-2020,COMPANY,OrgUnit6,Manager6,CXLVPY,Manager6,manager6@company.com,"CN=Manager6,OU=Dept1",30-06-2021,19-03-1995,144412,Delhi,West Bengal,Germany,Bajaj Finance Limited,Bajaj Group,Inactive,Valid,02-07-2025,Never Expires,CWN2Y8FV,2BC2NNUV,347,29-11-2021,Yes,Consultant,No
27,N1UTOX,Active Directory User,6E1ZH_N1UTOX,wy9he@company.com,user27@company.com,First27,Last27,First27 Last27,First27 Last27,IT,SubDept2,SubSubDept0,8406,192.168.1.45,Sample Note,"CN=User27,OU=Dept2",Office3,Engineer,9.17E+11,B3,Junior,03-11-2022,23-06-2021,COMPANY,OrgUnit7,Manager7,ZTKKFZ,Manager7,manager7@company.com,"CN=Manager7,OU=Dept2",23-12-2022,03-12-1985,932250,Delhi,West Bengal,USA,Bajaj Finserv Health Limited,Bajaj Group,Active,Valid,07-09-2025,Never Expires,2IRMUQ9E,5COZROOU,64,07-05-2021,Yes,Generic,Yes
28,QYM52X,Active Directory User,KF7I8_QYM52X,skch8@company.com,user28@company.com,First28,Last28,First28 Last28,First28 Last28,Finance,SubDept3,SubSubDept1,3050,192.168.1.161,Sample Note,"CN=User28,OU=Dept3",Office0,Executive,9.20E+11,B1,Senior,19-02-2022,22-09-2022,COMPANY,OrgUnit8,Manager8,G7FXZV,Manager8,manager8@company.com,"CN=Manager8,OU=Dept3",01-08-2023,06-03-1999,143195,Pune,Maharashtra,India,Bajaj Finserv Direct Limited,Bajaj Group,Inactive,Valid,Never Expires,Never Expires,1OXRWK8R,2YKCCPRH,310,11-08-2020,Yes,Application,No
29,5L9MO1,Active Directory User,EQFB8_5L9MO1,5p863@company.com,user29@company.com,First29,Last29,First29 Last29,First29 Last29,Operations,SubDept4,SubSubDept2,6123,192.168.1.49,Sample Note,"CN=User29,OU=Dept4",Office1,Senior Analyst,9.19E+11,B4,Junior,13-02-2022,27-09-2023,COMPANY,OrgUnit9,Manager9,LA8S8H,Manager9,manager9@company.com,"CN=Manager9,OU=Dept4",02-07-2021,27-08-1981,152995,Delhi,Delhi,Canada,Vendor Company A,Vendor Group,Inactive,Expired,28-04-2025,18-02-2025,T4P501NO,UHTCS1K9,348,07-08-2022,No,Employee,Yes
30,EDN9UN,Active Directory User,BELRQ_EDN9UN,vslwf@company.com,user30@company.com,First30,Last30,First30 Last30,First30 Last30,Operations,SubDept0,SubSubDept0,5902,192.168.1.152,Sample Note,"CN=User30,OU=Dept0",Office2,Executive,9.19E+11,B4,Senior,05-01-2023,24-05-2022,COMPANY,OrgUnit0,Manager0,K3NY9V,Manager0,manager0@company.com,"CN=Manager0,OU=Dept0",22-05-2023,27-11-1980,725905,Bangalore,Tamil Nadu,Canada,Bajaj Finserv Direct Limited,Bajaj Group,Active,Valid,Never Expires,30-10-2025,VGWW4FYB,8DALFYO1,241,17-09-2023,No,Application,Yes
31,ZSU9RN,Vendor Account,Y5Y2J_ZSU9RN,r8kk7@company.com,user31@company.com,First31,Last31,First31 Last31,First31 Last31,Finance,SubDept1,SubSubDept1,5735,192.168.1.181,Sample Note,"CN=User31,OU=Dept1",Office3,Senior Analyst,9.20E+11,B4,Junior,07-05-2021,15-01-2022,COMPANY,OrgUnit1,Manager1,M72JEY,Manager1,manager1@company.com,"CN=Manager1,OU=Dept1",12-08-2021,04-06-1993,958130,Delhi,Karnataka,UK,Bajaj Finserv Direct Limited,Bajaj Group,Active,Expired,01-10-2025,24-09-2025,8C7X0H3J,UJD0IB6I,119,22-03-2020,No,Vendor,Yes
32,OZD1AT,Vendor Account,1KKC1_OZD1AT,xi04b@company.com,user32@company.com,First32,Last32,First32 Last32,First32 Last32,HR,SubDept2,SubSubDept2,7846,192.168.1.226,Sample Note,"CN=User32,OU=Dept2",Office0,Senior Analyst,9.17E+11,B4,Senior,09-05-2023,08-02-2022,COMPANY,OrgUnit2,Manager2,G05KBK,Manager2,manager2@company.com,"CN=Manager2,OU=Dept2",25-07-2022,26-08-1983,451317,Delhi,Delhi,Canada,Bajaj Finserv Direct Limited,Bajaj Group,Inactive,Valid,Never Expires,25-11-2025,4QGEFQJG,02U1G463,263,24-05-2021,No,Vendor,Yes
33,OD9R7A,Active Directory User,UUJMI_OD9R7A,yqfy7@company.com,user33@company.com,First33,Last33,First33 Last33,First33 Last33,Finance,SubDept3,SubSubDept0,2923,192.168.1.164,Sample Note,"CN=User33,OU=Dept3",Office1,Executive,9.19E+11,B2,Junior,06-12-2020,26-07-2020,COMPANY,OrgUnit3,Manager3,RQ9NZ6,Manager3,manager3@company.com,"CN=Manager3,OU=Dept3",22-03-2023,16-04-1998,940952,Mumbai,Karnataka,Canada,Bajaj Finserv Limited,Bajaj Group,Active,Expired,12-06-2025,11-08-2025,TN7E36HT,F4PYZR6Q,28,05-12-2021,No,Application,Yes
34,SQCQ30,Active Directory User,BMC97_SQCQ30,c7bo1@company.com,user34@company.com,First34,Last34,First34 Last34,First34 Last34,Sales,SubDept4,SubSubDept1,7135,192.168.1.229,Sample Note,"CN=User34,OU=Dept4",Office2,Engineer,9.19E+11,B4,Senior,06-08-2021,04-05-2020,COMPANY,OrgUnit4,Manager4,YXTXMG,Manager4,manager4@company.com,"CN=Manager4,OU=Dept4",14-04-2022,16-05-1993,654531,Mumbai,Karnataka,India,Bajaj Finserv Limited,Bajaj Group,Active,Expired,Never Expires,Never Expires,QZPNIQFG,51BXW76I,34,05-06-2020,Yes,Consultant,Yes
35,QY5IBP,Active Directory User,I6UU1_QY5IBP,3i59s@company.com,user35@company.com,First35,Last35,First35 Last35,First35 Last35,Sales,SubDept0,SubSubDept2,5923,192.168.1.71,Sample Note,"CN=User35,OU=Dept0",Office3,Manager,9.19E+11,B2,Junior,30-08-2022,20-11-2022,COMPANY,OrgUnit5,Manager5,PR97Y2,Manager5,manager5@company.com,"CN=Manager5,OU=Dept0",10-05-2021,01-03-1994,528090,Mumbai,Tamil Nadu,Germany,Vendor Company A,Vendor Group,Active,Expired,09-09-2025,Never Expires,II4FQCOO,TNJLCQNT,97,21-03-2020,Yes,Application,No
36,NVBC2V,Active Directory User,8A78E_NVBC2V,9rivh@company.com,user36@company.com,First36,Last36,First36 Last36,First36 Last36,HR,SubDept1,SubSubDept0,6269,192.168.1.199,Sample Note,"CN=User36,OU=Dept1",Office0,Executive,9.19E+11,B4,Senior,08-04-2022,04-10-2022,COMPANY,OrgUnit6,Manager6,MJSRD9,Manager6,manager6@company.com,"CN=Manager6,OU=Dept1",30-12-2021,23-11-1990,312994,Delhi,Tamil Nadu,Germany,Vendor Company A,Vendor Group,Active,Valid,14-06-2025,Never Expires,0ATVZKHI,UIT7M1R0,251,16-12-2021,Yes,Application,Yes
37,0MFTG6,Active Directory User,1O4IZ_0MFTG6,asnwy@company.com,user37@company.com,First37,Last37,First37 Last37,First37 Last37,Operations,SubDept2,SubSubDept1,8916,192.168.1.169,Sample Note,"CN=User37,OU=Dept2",Office1,Engineer,9.17E+11,B1,Junior,06-04-2022,06-05-2022,COMPANY,OrgUnit7,Manager7,OAZTKS,Manager7,manager7@company.com,"CN=Manager7,OU=Dept2",20-12-2022,25-08-1994,945328,Mumbai,Maharashtra,India,Bajaj Finance Limited,Bajaj Group,Active,Valid,Never Expires,Never Expires,GS3JONOU,9IY4X41D,194,08-08-2021,Yes,Employee,No
38,CAGRP2,Active Directory User,6YUJ7_CAGRP2,yktxg@company.com,user38@company.com,First38,Last38,First38 Last38,First38 Last38,Finance,SubDept3,SubSubDept2,1256,192.168.1.247,Sample Note,"CN=User38,OU=Dept3",Office2,Senior Analyst,9.20E+11,B2,Senior,14-03-2023,28-06-2023,COMPANY,OrgUnit8,Manager8,ZOCFI4,Manager8,manager8@company.com,"CN=Manager8,OU=Dept3",27-08-2021,23-05-1998,447843,Bangalore,Karnataka,India,Vendor Company B,Vendor Group,Inactive,Valid,Never Expires,Never Expires,DICVWV8L,W2QITNGV,194,13-05-2020,Yes,Generic,No
39,2ZCFZW,Active Directory User,7Q1DD_2ZCFZW,pusdd@company.com,user39@company.com,First39,Last39,First39 Last39,First39 Last39,Operations,SubDept4,SubSubDept0,2524,192.168.1.153,Sample Note,"CN=User39,OU=Dept4",Office3,Consultant,9.18E+11,B4,Junior,20-01-2020,29-03-2021,COMPANY,OrgUnit9,Manager9,O20U9I,Manager9,manager9@company.com,"CN=Manager9,OU=Dept4",20-03-2022,08-10-1985,818605,Bangalore,Karnataka,USA,Bajaj Finserv Limited,Bajaj Group,Inactive,Expired,Never Expires,Never Expires,JFGJK2N7,ZRWQEAO4,194,03-06-2023,Yes,Consultant,No
40,PP3XVK,Active Directory User,8KZRU_PP3XVK,in3oe@company.com,user40@company.com,First40,Last40,First40 Last40,First40 Last40,Operations,SubDept0,SubSubDept1,4273,192.168.1.152,Sample Note,"CN=User40,OU=Dept0",Office0,Consultant,9.18E+11,B1,Senior,03-02-2023,18-12-2021,COMPANY,OrgUnit0,Manager0,7H23C4,Manager0,manager0@company.com,"CN=Manager0,OU=Dept0",20-05-2023,02-12-1993,805668,Bangalore,Karnataka,UK,Vendor Company B,Vendor Group,Active,Expired,26-03-2025,28-08-2025,XZ2C9ROS,7YT2M6TW,43,18-06-2020,No,Application,Yes
41,XMXB9Y,Active Directory User,JSSUU_XMXB9Y,qo1vs@company.com,user41@company.com,First41,Last41,First41 Last41,First41 Last41,Finance,SubDept1,SubSubDept2,1402,192.168.1.124,Sample Note,"CN=User41,OU=Dept1",Office1,Manager,9.18E+11,B4,Junior,01-12-2023,13-05-2020,COMPANY,OrgUnit1,Manager1,E7FLQH,Manager1,manager1@company.com,"CN=Manager1,OU=Dept1",20-01-2022,07-11-1991,599292,Pune,Delhi,Germany,Bajaj Finserv Limited,Bajaj Group,Inactive,Valid,Never Expires,Never Expires,K3E4XYF9,IGFU8IOG,327,18-10-2022,Yes,Consultant,No
42,O05QPA,Active Directory User,2TNHE_O05QPA,yr8ln@company.com,user42@company.com,First42,Last42,First42 Last42,First42 Last42,Sales,SubDept2,SubSubDept0,2871,192.168.1.90,Sample Note,"CN=User42,OU=Dept2",Office2,Executive,9.19E+11,B2,Senior,18-06-2023,12-11-2022,COMPANY,OrgUnit2,Manager2,ZKWDEE,Manager2,manager2@company.com,"CN=Manager2,OU=Dept2",19-04-2021,24-12-1983,291936,Delhi,Karnataka,Canada,Bajaj Finserv Health Limited,Bajaj Group,Inactive,Expired,Never Expires,Never Expires,VUPRT77G,GKG4W58R,99,20-06-2023,Yes,Application,No
43,8SRYO4,Active Directory User,BIK2U_8SRYO4,1rsuj@company.com,user43@company.com,First43,Last43,First43 Last43,First43 Last43,Operations,SubDept3,SubSubDept1,7010,192.168.1.139,Sample Note,"CN=User43,OU=Dept3",Office3,Manager,9.19E+11,B2,Junior,22-10-2021,08-06-2020,COMPANY,OrgUnit3,Manager3,0XI5BJ,Manager3,manager3@company.com,"CN=Manager3,OU=Dept3",01-09-2023,16-12-1982,560398,Pune,Karnataka,USA,Bajaj Holding and Investment Limited,Bajaj Group,Inactive,Expired,17-04-2025,Never Expires,FFHHCMKT,LZKJ49YD,210,28-11-2023,Yes,Application,Yes
44,95E5IZ,Vendor Account,WNC21_95E5IZ,o0z5q@company.com,user44@company.com,First44,Last44,First44 Last44,First44 Last44,Sales,SubDept4,SubSubDept2,6362,192.168.1.149,Sample Note,"CN=User44,OU=Dept4",Office0,Manager,9.17E+11,B4,Senior,13-09-2022,28-10-2022,COMPANY,OrgUnit4,Manager4,Z42O83,Manager4,manager4@company.com,"CN=Manager4,OU=Dept4",07-02-2022,19-02-1989,438548,Delhi,Tamil Nadu,Canada,Bajaj Finserv Health Limited,Bajaj Group,Active,Expired,17-10-2025,Never Expires,261BW4A7,FQ9P965K,140,24-05-2020,Yes,Vendor,No
45,JN6FOK,Vendor Account,AREIY_JN6FOK,az39p@company.com,user45@company.com,First45,Last45,First45 Last45,First45 Last45,HR,SubDept0,SubSubDept0,8826,192.168.1.19,Sample Note,"CN=User45,OU=Dept0",Office1,Senior Analyst,9.19E+11,B1,Junior,,,,-,-,-,-,-,-,,,,,West Bengal,India,Bajaj Finserv Health Limited,Bajaj Group,Active,Expired,Never Expires,Never Expires,MH07WPH6,FE0MP2IX,127,09-05-2022,Yes,Vendor,No
46,2Y4XKS,Active Directory User,22INI_2Y4XKS,wc5am@company.com,user46@company.com,First46,Last46,First46 Last46,First46 Last46,Finance,SubDept1,SubSubDept1,3162,192.168.1.100,Sample Note,"CN=User46,OU=Dept1",Office2,Consultant,9.19E+11,B3,Senior,,,,-,-,-,-,-,-,,,,,West Bengal,UK,Vendor Company A,Vendor Group,Inactive,Expired,Never Expires,14-07-2025,ZCTWJLSH,3TOW4YCZ,122,30-03-2020,No,Application,Yes
47,DPQVL0,Active Directory User,F8S2Z_DPQVL0,ge2j5@company.com,user47@company.com,First47,Last47,First47 Last47,First47 Last47,IT,SubDept2,SubSubDept2,6488,192.168.1.207,Sample Note,"CN=User47,OU=Dept2",Office3,Engineer,9.18E+11,B1,Junior,,,,-,-,-,-,-,-,,,,,Maharashtra,Canada,Bajaj Finserv Direct Limited,Bajaj Group,Active,Valid,Never Expires,Never Expires,0A4ABN7G,8B2ZXII6,163,25-02-2021,Yes,Generic,Yes
48,UEYBIS,Vendor Account,LTAHU_UEYBIS,kwqvr@company.com,user48@company.com,First48,Last48,First48 Last48,First48 Last48,HR,SubDept3,SubSubDept0,9954,192.168.1.195,Sample Note,"CN=User48,OU=Dept3",Office0,Senior Analyst,9.18E+11,B1,Senior,,,,-,-,-,-,-,-,,,,,Maharashtra,USA,Bajaj Finance Limited,Bajaj Group,Active,Expired,19-05-2025,30-01-2025,RC9ZD76S,ZN9DDE3C,290,06-04-2020,No,Vendor,No
49,XEK47O,Active Directory User,7E1DD_XEK47O,qlem1@company.com,user49@company.com,First49,Last49,First49 Last49,First49 Last49,Sales,SubDept4,SubSubDept1,6051,192.168.1.119,Sample Note,"CN=User49,OU=Dept4",Office1,Executive,9.18E+11,B1,Junior,01-09-2020,08-06-2023,COMPANY,OrgUnit9,Manager9,Y3ZB4L,Manager9,manager9@company.com,"CN=Manager9,OU=Dept4",21-05-2020,11-06-1988,473023,Bangalore,West Bengal,India,Bajaj Finserv Ventures Limited,Bajaj Group,Inactive,Expired,Never Expires,14-08-2025,3G84UTDD,2EC2IHOY,330,10-05-2020,No,Consultant,No
50,7C9HX3,Active Directory User,GU3OB_7C9HX3,yghgk@company.com,user50@company.com,First50,Last50,First50 Last50,First50 Last50,HR,SubDept0,SubSubDept2,1567,192.168.1.158,Sample Note,"CN=User50,OU=Dept0",Office2,Consultant,9.20E+11,B2,Senior,02-10-2022,03-04-2021,COMPANY,OrgUnit0,Manager0,R5RDNP,Manager0,manager0@company.com,"CN=Manager0,OU=Dept0",25-09-2022,21-11-1997,361250,Chennai,Maharashtra,Germany,Bajaj Housing Finance Limited,Bajaj Group,Inactive,Expired,Never Expires,Never Expires,TR6SNGLH,62C9T199,51,20-01-2021,Yes,Consultant,Yes
51,J37C9H,Active Directory User,3Z6BZ_J37C9H,8uug9@company.com,user51@company.com,First51,Last51,First51 Last51,First51 Last51,Sales,SubDept1,SubSubDept0,9882,192.168.1.80,Sample Note,"CN=User51,OU=Dept1",Office3,Senior Analyst,9.19E+11,B1,Junior,20-05-2020,28-03-2020,COMPANY,OrgUnit1,Manager1,IHSA7H,Manager1,manager1@company.com,"CN=Manager1,OU=Dept1",21-07-2020,05-08-1991,851763,Mumbai,Tamil Nadu,India,Bajaj Finserv Limited,Bajaj Group,Active,Valid,26-04-2025,Never Expires,V71448N7,ODKEF828,332,07-05-2021,Yes,Consultant,Yes
52,ZU6WMX,Vendor Account,088O9_ZU6WMX,8bv78@company.com,user52@company.com,First52,Last52,First52 Last52,First52 Last52,HR,SubDept2,SubSubDept1,2705,192.168.1.240,Sample Note,"CN=User52,OU=Dept2",Office0,Engineer,9.18E+11,B3,Senior,03-03-2023,30-04-2020,COMPANY,OrgUnit2,Manager2,I9G5DZ,Manager2,manager2@company.com,"CN=Manager2,OU=Dept2",19-09-2022,04-06-1991,568325,Pune,Tamil Nadu,USA,Bajaj Finserv Direct Limited,Bajaj Group,Active,Valid,Never Expires,01-06-2025,M2ZBPPFO,5MN32U1I,231,24-04-2020,No,Vendor,Yes
53,KL8CGN,Active Directory User,ZPXVP_KL8CGN,bl9ot@company.com,user53@company.com,First53,Last53,First53 Last53,First53 Last53,Operations,SubDept3,SubSubDept2,5346,192.168.1.170,Sample Note,"CN=User53,OU=Dept3",Office1,Executive,9.18E+11,B2,Junior,29-05-2020,18-03-2020,COMPANY,OrgUnit3,Manager3,OTRBAD,Manager3,manager3@company.com,"CN=Manager3,OU=Dept3",03-07-2023,03-06-2000,603660,Mumbai,Maharashtra,India,Bajaj Housing Finance Limited,Bajaj Group,Active,Valid,26-10-2025,11-02-2025,W9RE2Q6J,XNNNGBPJ,137,26-05-2022,No,Employee,Yes
54,FZDY3O,Active Directory User,8Y7UI_FZDY3O,ko4bu@company.com,user54@company.com,First54,Last54,First54 Last54,First54 Last54,Operations,SubDept4,SubSubDept0,3415,192.168.1.31,Sample Note,"CN=User54,OU=Dept4",Office2,Engineer,9.18E+11,B2,Senior,25-11-2020,09-06-2023,COMPANY,OrgUnit4,Manager4,GBCYH3,Manager4,manager4@company.com,"CN=Manager4,OU=Dept4",17-08-2020,30-03-2000,370413,Delhi,Maharashtra,India,Vendor Company B,Vendor Group,Inactive,Expired,12-07-2025,Never Expires,T4S7AZV2,EFUU8DD2,146,09-09-2023,Yes,Application,No
55,5JXURG,Active Directory User,6LI07_5JXURG,6a3kk@company.com,user55@company.com,First55,Last55,First55 Last55,First55 Last55,Sales,SubDept0,SubSubDept1,2609,192.168.1.249,Sample Note,"CN=User55,OU=Dept0",Office3,Senior Analyst,9.18E+11,B3,Junior,01-03-2023,19-11-2021,COMPANY,OrgUnit5,Manager5,1L0VDP,Manager5,manager5@company.com,"CN=Manager5,OU=Dept0",19-11-2023,08-11-1993,876936,Bangalore,West Bengal,UK,Bajaj Finserv Limited,Bajaj Group,Active,Valid,14-01-2025,07-11-2025,CZO2SUG5,HCBBMHNQ,203,14-09-2022,No,Application,Yes
56,YIRQ8R,Active Directory User,KNFU8_YIRQ8R,4xyjo@company.com,user56@company.com,First56,Last56,First56 Last56,First56 Last56,IT,SubDept1,SubSubDept2,1145,192.168.1.122,Sample Note,"CN=User56,OU=Dept1",Office0,Senior Analyst,9.20E+11,B2,Senior,22-07-2022,29-05-2023,COMPANY,OrgUnit6,Manager6,AJ2K8X,Manager6,manager6@company.com,"CN=Manager6,OU=Dept1",20-10-2021,22-10-1992,992952,Delhi,Delhi,UK,Vendor Company A,Vendor Group,Active,Expired,Never Expires,Never Expires,KSWVA984,UVKYRMJL,141,09-02-2021,Yes,Consultant,No
57,GSIC43,Active Directory User,9JPNB_GSIC43,zug0i@company.com,user57@company.com,First57,Last57,First57 Last57,First57 Last57,Operations,SubDept2,SubSubDept0,8794,192.168.1.233,Sample Note,"CN=User57,OU=Dept2",Office1,Executive,9.19E+11,B3,Junior,06-08-2023,21-09-2020,COMPANY,OrgUnit7,Manager7,45GDEJ,Manager7,manager7@company.com,"CN=Manager7,OU=Dept2",09-06-2023,08-01-1999,899977,Mumbai,Tamil Nadu,India,Bajaj Finserv Limited,Bajaj Group,Active,Expired,08-01-2025,Never Expires,I5P5NVQE,BWUWQHEY,271,08-04-2021,Yes,Consultant,No
58,B4EHOU,Active Directory User,L9LCQ_B4EHOU,h1uf2@company.com,user58@company.com,First58,Last58,First58 Last58,First58 Last58,IT,SubDept3,SubSubDept1,3120,192.168.1.158,Sample Note,"CN=User58,OU=Dept3",Office2,Engineer,9.20E+11,B4,Senior,18-09-2021,28-10-2021,COMPANY,OrgUnit8,Manager8,8NBHNA,Manager8,manager8@company.com,"CN=Manager8,OU=Dept3",15-05-2021,25-01-1998,299834,Pune,Maharashtra,USA,Bajaj Holding and Investment Limited,Bajaj Group,Active,Expired,05-02-2025,Never Expires,LDSLCB8Q,SSPYE9R1,84,09-11-2023,Yes,Application,No
59,AI9HAS,Active Directory User,1WVBD_AI9HAS,4bepe@company.com,user59@company.com,First59,Last59,First59 Last59,First59 Last59,Finance,SubDept4,SubSubDept2,8772,192.168.1.180,Sample Note,"CN=User59,OU=Dept4",Office3,Senior Analyst,9.18E+11,B1,Junior,12-04-2021,15-10-2021,COMPANY,OrgUnit9,Manager9,XXJVE3,Manager9,manager9@company.com,"CN=Manager9,OU=Dept4",11-06-2020,28-05-1997,853681,Chennai,Maharashtra,UK,Bajaj Housing Finance Limited,Bajaj Group,Active,Valid,06-07-2025,Never Expires,RV239MOF,T6YRIADD,293,05-11-2022,Yes,Consultant,No
60,FDS0DJ,Vendor Account,DGBK2_FDS0DJ,l0d1b@company.com,user60@company.com,First60,Last60,First60 Last60,First60 Last60,HR,SubDept0,SubSubDept0,3793,192.168.1.85,Sample Note,"CN=User60,OU=Dept0",Office0,Executive,9.19E+11,B3,Senior,26-09-2023,12-02-2023,COMPANY,OrgUnit0,Manager0,D3GO8J,Manager0,manager0@company.com,"CN=Manager0,OU=Dept0",22-08-2021,09-04-1996,938754,Bangalore,Karnataka,India,Bajaj Finserv Health Limited,Bajaj Group,Active,Valid,Never Expires,26-05-2025,94D6RUPW,2W5506RR,210,15-11-2021,No,Vendor,Yes
61,CXA5S0,Active Directory User,P0RXX_CXA5S0,f36wa@company.com,user61@company.com,First61,Last61,First61 Last61,First61 Last61,HR,SubDept1,SubSubDept1,9283,192.168.1.218,Sample Note,"CN=User61,OU=Dept1",Office1,Engineer,9.19E+11,B2,Junior,26-04-2020,13-03-2023,COMPANY,OrgUnit1,Manager1,RI8BIX,Manager1,manager1@company.com,"CN=Manager1,OU=Dept1",18-09-2021,30-12-1987,182659,Bangalore,Delhi,Canada,Vendor Company B,Vendor Group,Inactive,Valid,Never Expires,03-12-2025,4QERXDOU,ADVWKSHY,174,18-07-2021,No,Application,Yes
62,34L1VZ,Vendor Account,AMW2T_34L1VZ,nd6r3@company.com,user62@company.com,First62,Last62,First62 Last62,First62 Last62,Sales,SubDept2,SubSubDept2,2752,192.168.1.66,Sample Note,"CN=User62,OU=Dept2",Office2,Consultant,9.18E+11,B2,Senior,06-07-2020,16-12-2023,COMPANY,OrgUnit2,Manager2,4H3GM1,Manager2,manager2@company.com,"CN=Manager2,OU=Dept2",13-03-2020,13-01-2000,229204,Bangalore,Delhi,Canada,Bajaj Finserv Ventures Limited,Bajaj Group,Active,Expired,Never Expires,Never Expires,A0TPV726,YG3DXVL5,214,04-08-2022,Yes,Vendor,Yes
63,J88QEO,Active Directory User,HWKMY_J88QEO,9x8sy@company.com,user63@company.com,First63,Last63,First63 Last63,First63 Last63,Finance,SubDept3,SubSubDept0,2890,192.168.1.195,Sample Note,"CN=User63,OU=Dept3",Office3,Executive,9.19E+11,B4,Junior,24-06-2022,05-06-2022,COMPANY,OrgUnit3,Manager3,7ZY6T5,Manager3,manager3@company.com,"CN=Manager3,OU=Dept3",18-10-2021,07-06-1980,648122,Pune,Maharashtra,Germany,Vendor Company A,Vendor Group,Active,Valid,Never Expires,20-12-2025,YH1FKJ4Y,K1B3D505,331,21-05-2022,No,Consultant,No
64,I22KX7,Vendor Account,AJW25_I22KX7,36zx1@company.com,user64@company.com,First64,Last64,First64 Last64,First64 Last64,Operations,SubDept4,SubSubDept1,4218,192.168.1.199,Sample Note,"CN=User64,OU=Dept4",Office0,Senior Analyst,9.18E+11,B4,Senior,02-10-2020,26-11-2022,COMPANY,OrgUnit4,Manager4,C80EBK,Manager4,manager4@company.com,"CN=Manager4,OU=Dept4",14-02-2021,04-06-1984,268746,Chennai,Tamil Nadu,India,Bajaj Finserv Limited,Bajaj Group,Inactive,Expired,Never Expires,11-12-2025,ZFFLB7WX,RUM2LHGC,258,04-09-2020,No,Vendor,No
65,TOM5XL,Active Directory User,EMIX7_TOM5XL,ib5n2@company.com,user65@company.com,First65,Last65,First65 Last65,First65 Last65,IT,SubDept0,SubSubDept2,7322,192.168.1.66,Sample Note,"CN=User65,OU=Dept0",Office1,Consultant,9.18E+11,B1,Junior,16-11-2023,13-03-2022,COMPANY,OrgUnit5,Manager5,3N2QB6,Manager5,manager5@company.com,"CN=Manager5,OU=Dept0",26-10-2020,24-11-1990,638857,Pune,Maharashtra,USA,Bajaj Financial Securities Limited,Bajaj Group,Active,Valid,Never Expires,07-11-2025,HWHY4H35,0P3CYAZB,37,25-03-2020,No,Application,Yes
66,2UUIJN,Vendor Account,TXW1V_2UUIJN,zc7d2@company.com,user66@company.com,First66,Last66,First66 Last66,First66 Last66,Finance,SubDept1,SubSubDept0,2417,192.168.1.73,Sample Note,"CN=User66,OU=Dept1",Office2,Engineer,9.19E+11,B4,Senior,01-07-2023,23-10-2022,COMPANY,OrgUnit6,Manager6,BFH024,Manager6,manager6@company.com,"CN=Manager6,OU=Dept1",03-04-2021,25-11-1984,412534,Delhi,Maharashtra,Canada,Bajaj Finserv Limited,Bajaj Group,Active,Valid,Never Expires,Never Expires,BUOTDH00,H64FGWJE,343,27-05-2023,Yes,Vendor,Yes
67,479QTK,Active Directory User,8MYIK_479QTK,cgrlx@company.com,user67@company.com,First67,Last67,First67 Last67,First67 Last67,Operations,SubDept2,SubSubDept1,3496,192.168.1.145,Sample Note,"CN=User67,OU=Dept2",Office3,Consultant,9.19E+11,B3,Junior,27-10-2021,18-09-2020,COMPANY,OrgUnit7,Manager7,AIH0P4,Manager7,manager7@company.com,"CN=Manager7,OU=Dept2",27-07-2020,13-04-1991,603268,Bangalore,Delhi,UK,Bajaj Housing Finance Limited,Bajaj Group,Inactive,Expired,19-10-2025,Never Expires,TGV44FTJ,5CCASBUO,302,26-11-2020,Yes,Consultant,Yes
68,TT9Q1N,Active Directory User,OSX43_TT9Q1N,wfsqg@company.com,user68@company.com,First68,Last68,First68 Last68,First68 Last68,Operations,SubDept3,SubSubDept2,3395,192.168.1.189,Sample Note,"CN=User68,OU=Dept3",Office0,Engineer,9.19E+11,B1,Senior,05-12-2020,28-03-2023,COMPANY,OrgUnit8,Manager8,RCNBH6,Manager8,manager8@company.com,"CN=Manager8,OU=Dept3",15-07-2021,16-03-1993,592489,Bangalore,Maharashtra,India,Bajaj Finserv Health Limited,Bajaj Group,Inactive,Valid,Never Expires,Never Expires,ZS34JTGX,NX4SN6SM,176,26-01-2022,Yes,Employee,No
69,5A5PIS,Active Directory User,V3XOL_5A5PIS,eyrvx@company.com,user69@company.com,First69,Last69,First69 Last69,First69 Last69,Sales,SubDept4,SubSubDept0,1367,192.168.1.63,Sample Note,"CN=User69,OU=Dept4",Office1,Manager,9.18E+11,B2,Junior,28-07-2020,04-09-2022,COMPANY,OrgUnit9,Manager9,S6FF7S,Manager9,manager9@company.com,"CN=Manager9,OU=Dept4",21-09-2021,23-05-2000,690982,Pune,Tamil Nadu,India,Bajaj Financial Securities Limited,Bajaj Group,Active,Expired,16-03-2025,Never Expires,VQRHOFU1,WSGY7VCN,67,17-06-2020,Yes,Application,Yes
70,H4SPFD,Active Directory User,DX6TA_H4SPFD,7ypp5@company.com,user70@company.com,First70,Last70,First70 Last70,First70 Last70,Operations,SubDept0,SubSubDept1,8028,192.168.1.59,Sample Note,"CN=User70,OU=Dept0",Office2,Engineer,9.19E+11,B3,Senior,04-07-2022,03-06-2023,COMPANY,OrgUnit0,Manager0,01ZDER,Manager0,manager0@company.com,"CN=Manager0,OU=Dept0",27-12-2020,07-11-1982,397026,Chennai,West Bengal,Germany,Bajaj Holding and Investment Limited,Bajaj Group,Inactive,Valid,Never Expires,Never Expires,A0ASSNH2,ODPVJTUW,348,09-09-2021,Yes,Employee,Yes
71,O2RNTJ,Active Directory User,0QZFH_O2RNTJ,omtzz@company.com,user71@company.com,First71,Last71,First71 Last71,First71 Last71,HR,SubDept1,SubSubDept2,7375,192.168.1.247,Sample Note,"CN=User71,OU=Dept1",Office3,Manager,9.17E+11,B2,Junior,02-01-2022,09-12-2023,COMPANY,OrgUnit1,Manager1,VDJNV0,Manager1,manager1@company.com,"CN=Manager1,OU=Dept1",16-12-2023,19-08-1993,743789,Chennai,Tamil Nadu,Canada,Bajaj Financial Securities Limited,Bajaj Group,Active,Valid,Never Expires,20-06-2025,XPHX2KBV,SIGBIAF9,204,02-07-2021,No,Employee,No
72,OHAZ7T,Active Directory User,VH7UJ_OHAZ7T,odck8@company.com,user72@company.com,First72,Last72,First72 Last72,First72 Last72,Operations,SubDept2,SubSubDept0,5222,192.168.1.225,Sample Note,"CN=User72,OU=Dept2",Office0,Consultant,9.19E+11,B3,Senior,14-12-2022,18-11-2021,COMPANY,OrgUnit2,Manager2,8U118Q,Manager2,manager2@company.com,"CN=Manager2,OU=Dept2",16-12-2021,19-12-1999,128679,Bangalore,Maharashtra,UK,Vendor Company A,Vendor Group,Active,Expired,Never Expires,22-06-2025,W9YIL8SA,3IDY3C7R,181,05-12-2020,No,Employee,No
73,G07G0I,Active Directory User,4M2EC_G07G0I,8ra48@company.com,user73@company.com,First73,Last73,First73 Last73,First73 Last73,Sales,SubDept3,SubSubDept1,7081,192.168.1.159,Sample Note,"CN=User73,OU=Dept3",Office1,Executive,9.19E+11,B3,Junior,01-02-2022,11-10-2020,COMPANY,OrgUnit3,Manager3,96KHUB,Manager3,manager3@company.com,"CN=Manager3,OU=Dept3",26-05-2023,26-05-1994,601554,Chennai,Maharashtra,Canada,Bajaj Finserv Health Limited,Bajaj Group,Inactive,Expired,Never Expires,Never Expires,41QESLAY,NDN5GJJ8,175,22-07-2021,Yes,Consultant,Yes
74,RHZN4K,Active Directory User,2T4H2_RHZN4K,0rape@company.com,user74@company.com,First74,Last74,First74 Last74,First74 Last74,Operations,SubDept4,SubSubDept2,9748,192.168.1.185,Sample Note,"CN=User74,OU=Dept4",Office2,Executive,9.19E+11,B3,Senior,24-01-2021,23-05-2022,COMPANY,OrgUnit4,Manager4,4BDFHJ,Manager4,manager4@company.com,"CN=Manager4,OU=Dept4",27-07-2023,11-04-1983,571706,Delhi,Tamil Nadu,UK,Bajaj Finserv Direct Limited,Bajaj Group,Inactive,Expired,15-02-2025,Never Expires,MOMYVUXT,9KLS1QCW,237,08-09-2022,Yes,Employee,Yes
75,5X7PWO,Active Directory User,LKJXJ_5X7PWO,q5nv8@company.com,user75@company.com,First75,Last75,First75 Last75,First75 Last75,Sales,SubDept0,SubSubDept0,3741,192.168.1.48,Sample Note,"CN=User75,OU=Dept0",Office3,Manager,9.18E+11,B2,Junior,25-10-2022,25-01-2021,COMPANY,OrgUnit5,Manager5,7ZCGDC,Manager5,manager5@company.com,"CN=Manager5,OU=Dept0",26-09-2023,06-02-1996,675074,Pune,Maharashtra,Germany,Bajaj Housing Finance Limited,Bajaj Group,Active,Valid,21-04-2025,18-03-2025,JFX5LIKW,E4BX4LR9,276,23-12-2023,No,Generic,No
76,TE8TVQ,Vendor Account,T2PNJ_TE8TVQ,ka34m@company.com,user76@company.com,First76,Last76,First76 Last76,First76 Last76,Sales,SubDept1,SubSubDept1,9767,192.168.1.3,Sample Note,"CN=User76,OU=Dept1",Office0,Engineer,9.19E+11,B3,Senior,15-01-2020,04-04-2023,COMPANY,OrgUnit6,Manager6,PKIANO,Manager6,manager6@company.com,"CN=Manager6,OU=Dept1",20-05-2022,15-11-1994,513927,Mumbai,Karnataka,Germany,Vendor Company B,Vendor Group,Inactive,Valid,21-06-2025,20-09-2025,JPI163YK,03O4GKWW,139,24-12-2022,No,Vendor,No
77,GABTGD,Active Directory User,FRML2_GABTGD,9q2l4@company.com,user77@company.com,First77,Last77,First77 Last77,First77 Last77,HR,SubDept2,SubSubDept2,1918,192.168.1.69,Sample Note,"CN=User77,OU=Dept2",Office1,Engineer,9.17E+11,B4,Junior,09-10-2020,25-10-2020,COMPANY,OrgUnit7,Manager7,6JNA9Z,Manager7,manager7@company.com,"CN=Manager7,OU=Dept2",20-08-2021,26-01-1995,359168,Pune,Karnataka,Germany,Bajaj Financial Securities Limited,Bajaj Group,Active,Valid,Never Expires,Never Expires,RYLLWB7S,JWH55HEW,166,24-01-2020,Yes,-,Yes
78,2VOI8U,Active Directory User,FDW79_2VOI8U,wcxz2@company.com,user78@company.com,First78,Last78,First78 Last78,First78 Last78,HR,SubDept3,SubSubDept0,8992,192.168.1.60,Sample Note,"CN=User78,OU=Dept3",Office2,Executive,9.19E+11,B3,Senior,05-06-2023,17-10-2023,COMPANY,OrgUnit8,Manager8,PGYME6,Manager8,manager8@company.com,"CN=Manager8,OU=Dept3",23-01-2022,20-11-1994,686179,Delhi,West Bengal,Germany,Bajaj Holding and Investment Limited,Bajaj Group,Active,Valid,Never Expires,15-03-2025,TLQ5V4FT,Q3TQ1S05,317,24-08-2023,No,-,No
79,1IZXTN,Vendor Account,LXDSC_1IZXTN,4e5hr@company.com,user79@company.com,First79,Last79,First79 Last79,First79 Last79,IT,SubDept4,SubSubDept1,1521,192.168.1.147,Sample Note,"CN=User79,OU=Dept4",Office3,Engineer,9.20E+11,B4,Junior,27-03-2022,27-08-2022,COMPANY,OrgUnit9,Manager9,ZJNVC7,Manager9,manager9@company.com,"CN=Manager9,OU=Dept4",20-11-2020,19-09-1996,972496,Pune,Delhi,India,Vendor Company A,Vendor Group,Inactive,Expired,04-11-2025,Never Expires,32CWT04C,HSDINGXU,91,17-05-2022,Yes,-,No
80,01UYZP,Active Directory User,XTV76_01UYZP,t94ow@company.com,user80@company.com,First80,Last80,First80 Last80,First80 Last80,Finance,SubDept0,SubSubDept2,4943,192.168.1.145,Sample Note,"CN=User80,OU=Dept0",Office0,Consultant,9.18E+11,B4,Senior,04-04-2023,04-05-2022,COMPANY,OrgUnit0,Manager0,7J8QO0,Manager0,manager0@company.com,"CN=Manager0,OU=Dept0",17-03-2021,08-04-2000,117094,Chennai,Karnataka,UK,Bajaj Housing Finance Limited,Bajaj Group,Active,Expired,10-09-2025,28-03-2025,9HL1737S,UUDQFJ6I,131,13-06-2023,No,-,No
81,DO7002,Vendor Account,B3N27_DO7002,m5p7e@company.com,user81@company.com,First81,Last81,First81 Last81,First81 Last81,HR,SubDept1,SubSubDept0,1187,192.168.1.163,Sample Note,"CN=User81,OU=Dept1",Office1,Engineer,9.17E+11,B3,Junior,25-03-2022,04-03-2020,COMPANY,OrgUnit1,Manager1,LULZFY,Manager1,manager1@company.com,"CN=Manager1,OU=Dept1",02-09-2021,28-02-1995,889410,Chennai,West Bengal,Canada,Bajaj Finserv Direct Limited,Bajaj Group,Active,Valid,26-10-2025,Never Expires,P2FMR0TJ,OPZ1RHOU,287,14-08-2022,Yes,-,Yes
82,IJPYUE,Vendor Account,MX1GM_IJPYUE,32wp7@company.com,user82@company.com,First82,Last82,First82 Last82,First82 Last82,HR,SubDept2,SubSubDept1,4271,192.168.1.176,Sample Note,"CN=User82,OU=Dept2",Office2,Executive,9.18E+11,B1,Senior,23-06-2020,22-02-2023,COMPANY,OrgUnit2,Manager2,B8753A,Manager2,manager2@company.com,"CN=Manager2,OU=Dept2",13-12-2022,14-10-1983,419939,Bangalore,Delhi,India,Bajaj Finserv Limited,Bajaj Group,Inactive,Valid,02-04-2025,01-07-2025,0HT1TW9Z,YN6SJCHZ,138,23-03-2020,No,-,No
83,XANJ4X,Active Directory User,SZ6RV_XANJ4X,dh8uz@company.com,user83@company.com,First83,Last83,First83 Last83,First83 Last83,IT,SubDept3,SubSubDept2,5053,192.168.1.237,Sample Note,"CN=User83,OU=Dept3",Office3,Consultant,9.18E+11,B3,Junior,31-01-2022,03-09-2021,COMPANY,OrgUnit3,Manager3,0AYMK9,Manager3,manager3@company.com,"CN=Manager3,OU=Dept3",17-02-2022,21-05-1989,951331,Pune,Tamil Nadu,Germany,Bajaj Housing Finance Limited,Bajaj Group,Active,Expired,23-04-2025,24-05-2025,IMOE0SY5,YPUPLVQE,334,03-08-2020,No,-,Yes
84,5LZSE9,Active Directory User,G4FBL_5LZSE9,98k03@company.com,user84@company.com,First84,Last84,First84 Last84,First84 Last84,Finance,SubDept4,SubSubDept0,3489,192.168.1.200,Sample Note,"CN=User84,OU=Dept4",Office0,Senior Analyst,9.17E+11,B2,Senior,13-10-2020,10-02-2020,COMPANY,OrgUnit4,Manager4,1WJUII,Manager4,manager4@company.com,"CN=Manager4,OU=Dept4",03-12-2022,20-11-1980,476712,Pune,Delhi,USA,Bajaj Finserv Direct Limited,Bajaj Group,Inactive,Expired,Never Expires,16-03-2025,GNRFIO87,8IYHHG8P,315,31-01-2022,No,-,No
85,55P1V3,Vendor Account,Q3B9S_55P1V3,o0usw@company.com,user85@company.com,First85,Last85,First85 Last85,First85 Last85,IT,SubDept0,SubSubDept1,4110,192.168.1.75,Sample Note,"CN=User85,OU=Dept0",Office1,Engineer,9.19E+11,B3,Junior,16-04-2023,09-07-2023,COMPANY,OrgUnit5,Manager5,KFK7Y6,Manager5,manager5@company.com,"CN=Manager5,OU=Dept0",21-12-2021,15-05-1995,194834,Chennai,Maharashtra,USA,Bajaj Finserv Ventures Limited,Bajaj Group,Active,Expired,Never Expires,Never Expires,OQGVZHQJ,Y62ZEEQN,268,03-01-2023,Yes,Vendor,No
86,09WFTB,Active Directory User,GZPL1_09WFTB,qweeh@company.com,user86@company.com,First86,Last86,First86 Last86,First86 Last86,Operations,SubDept1,SubSubDept2,5146,192.168.1.4,Sample Note,"CN=User86,OU=Dept1",Office2,Engineer,9.19E+11,B4,Senior,24-04-2022,08-06-2023,COMPANY,OrgUnit6,Manager6,A5IVRO,Manager6,manager6@company.com,"CN=Manager6,OU=Dept1",03-05-2020,15-06-2000,729252,Pune,Karnataka,Canada,Bajaj Finserv Direct Limited,Bajaj Group,Inactive,Valid,Never Expires,Never Expires,BFXB4Y4K,7BPGYVYV,287,02-10-2020,Yes,Consultant,No
87,0MB1L6,Vendor Account,EZJSS_0MB1L6,zwd0w@company.com,user87@company.com,First87,Last87,First87 Last87,First87 Last87,IT,SubDept2,SubSubDept0,8924,192.168.1.186,Sample Note,"CN=User87,OU=Dept2",Office3,Consultant,9.18E+11,B4,Junior,03-08-2022,10-08-2023,COMPANY,OrgUnit7,Manager7,LS9MEU,Manager7,manager7@company.com,"CN=Manager7,OU=Dept2",18-03-2022,07-12-1996,616428,Mumbai,West Bengal,USA,Bajaj Housing Finance Limited,Bajaj Group,Inactive,Valid,24-05-2025,Never Expires,AAWE429O,MUWAHK2L,259,04-05-2022,Yes,Vendor,No
88,1ELOU8,Active Directory User,62XRW_1ELOU8,6tm2o@company.com,user88@company.com,First88,Last88,First88 Last88,First88 Last88,IT,SubDept3,SubSubDept1,9537,192.168.1.77,Sample Note,"CN=User88,OU=Dept3",Office0,Consultant,9.20E+11,B3,Senior,12-05-2022,12-04-2022,COMPANY,OrgUnit8,Manager8,AUL62C,Manager8,manager8@company.com,"CN=Manager8,OU=Dept3",19-08-2020,17-07-1989,981578,Pune,Tamil Nadu,Germany,Bajaj Finserv Direct Limited,Bajaj Group,Active,Expired,05-12-2025,13-06-2025,GE2L4ZJD,5N3KSGNB,103,19-11-2023,No,Application,Yes
89,PARSG7,Active Directory User,HBN5E_PARSG7,lb45l@company.com,user89@company.com,First89,Last89,First89 Last89,First89 Last89,IT,SubDept4,SubSubDept2,2689,192.168.1.134,Sample Note,"CN=User89,OU=Dept4",Office1,Executive,9.17E+11,B3,Junior,19-09-2022,17-10-2023,COMPANY,OrgUnit9,Manager9,HHKT1Y,Manager9,manager9@company.com,"CN=Manager9,OU=Dept4",27-02-2021,29-01-1985,265146,Delhi,Maharashtra,India,Vendor Company A,Vendor Group,Active,Valid,Never Expires,Never Expires,TTJ72UGL,6TBB6BND,200,05-10-2020,Yes,Consultant,No
90,WL3ZYT,Active Directory User,DLX1Q_WL3ZYT,8f6jn@company.com,user90@company.com,First90,Last90,First90 Last90,First90 Last90,HR,SubDept0,SubSubDept0,6412,192.168.1.202,Sample Note,"CN=User90,OU=Dept0",Office2,Executive,9.19E+11,B4,Senior,17-02-2020,11-04-2020,COMPANY,OrgUnit0,Manager0,RMQG1V,Manager0,manager0@company.com,"CN=Manager0,OU=Dept0",16-07-2020,13-04-1997,207932,Bangalore,Maharashtra,UK,Bajaj Holding and Investment Limited,Bajaj Group,Active,Expired,18-12-2025,Never Expires,TOOWT9NM,3V2P2TIX,39,22-02-2023,Yes,Employee,No
91,EVLDQL,Active Directory User,LXCHF_EVLDQL,u131x@company.com,user91@company.com,First91,Last91,First91 Last91,First91 Last91,Sales,SubDept1,SubSubDept1,9704,192.168.1.75,Sample Note,"CN=User91,OU=Dept1",Office3,Engineer,9.20E+11,B4,Junior,30-10-2020,15-11-2020,COMPANY,OrgUnit1,Manager1,YLU6K7,Manager1,manager1@company.com,"CN=Manager1,OU=Dept1",06-11-2021,18-09-1991,193624,Chennai,Maharashtra,Canada,Bajaj Finserv Limited,Bajaj Group,Inactive,Valid,11-12-2025,Never Expires,4C68AU9D,KBPVWZOP,108,26-10-2022,Yes,Generic,Yes
92,RGN74F,Active Directory User,F5X9E_RGN74F,e346z@company.com,user92@company.com,First92,Last92,First92 Last92,First92 Last92,Sales,SubDept2,SubSubDept2,3945,192.168.1.117,Sample Note,"CN=User92,OU=Dept2",Office0,Consultant,9.19E+11,B4,Senior,20-08-2021,05-07-2021,COMPANY,OrgUnit2,Manager2,IPAR0Z,Manager2,manager2@company.com,"CN=Manager2,OU=Dept2",22-02-2021,23-12-1993,672696,Chennai,Tamil Nadu,India,Bajaj Finserv Direct Limited,Bajaj Group,Active,Expired,Never Expires,Never Expires,ZERYF099,2QC6DR08,39,28-11-2022,Yes,Application,No
93,W6TAQ6,Active Directory User,GZVK2_W6TAQ6,jwuux@company.com,user93@company.com,First93,Last93,First93 Last93,First93 Last93,Finance,SubDept3,SubSubDept0,1447,192.168.1.74,Sample Note,"CN=User93,OU=Dept3",Office1,Engineer,9.17E+11,B2,Junior,24-02-2022,29-04-2020,COMPANY,OrgUnit3,Manager3,4KEK4A,Manager3,manager3@company.com,"CN=Manager3,OU=Dept3",22-06-2020,18-07-2000,283095,Chennai,Karnataka,Germany,Vendor Company B,Vendor Group,Inactive,Valid,25-05-2025,29-07-2025,JZR25MDF,7FR91IPW,107,16-06-2022,No,Consultant,No
94,BJ3BQR,Active Directory User,RF5A7_BJ3BQR,qy8yb@company.com,user94@company.com,First94,Last94,First94 Last94,First94 Last94,Operations,SubDept4,SubSubDept1,6797,192.168.1.245,Sample Note,"CN=User94,OU=Dept4",Office2,Engineer,9.20E+11,B3,Senior,04-06-2021,23-02-2021,COMPANY,OrgUnit4,Manager4,JDXO10,Manager4,manager4@company.com,"CN=Manager4,OU=Dept4",14-02-2023,12-01-2000,907924,Mumbai,West Bengal,UK,Bajaj Holding and Investment Limited,Bajaj Group,Active,Expired,10-12-2025,24-04-2025,TY3ADDQH,KGAD7X48,326,08-07-2020,No,Employee,Yes
95,DVN1X2,Active Directory User,Q7W7J_DVN1X2,p61lf@company.com,user95@company.com,First95,Last95,First95 Last95,First95 Last95,IT,SubDept0,SubSubDept2,5543,192.168.1.199,Sample Note,"CN=User95,OU=Dept0",Office3,Manager,9.19E+11,B4,Junior,31-05-2021,03-04-2020,COMPANY,OrgUnit5,Manager5,J3GC9H,Manager5,manager5@company.com,"CN=Manager5,OU=Dept0",01-09-2021,26-01-1986,776838,Bangalore,Maharashtra,USA,Bajaj Finserv Direct Limited,Bajaj Group,Inactive,Valid,04-05-2025,Never Expires,WDPJBC01,ARXABOFL,200,11-06-2022,Yes,Generic,Yes
96,S7RP42,Active Directory User,ET9MK_S7RP42,b9xn4@company.com,user96@company.com,First96,Last96,First96 Last96,First96 Last96,Finance,SubDept1,SubSubDept0,2318,192.168.1.216,Sample Note,"CN=User96,OU=Dept1",Office0,Engineer,9.18E+11,B2,Senior,01-10-2020,11-05-2022,COMPANY,OrgUnit6,Manager6,BNGZ6W,Manager6,manager6@company.com,"CN=Manager6,OU=Dept1",12-07-2021,21-07-1996,188984,Bangalore,Karnataka,USA,Bajaj Housing Finance Limited,Bajaj Group,Active,Valid,10-07-2025,Never Expires,A9IN2XR8,38AMMZOH,334,02-11-2022,Yes,Employee,No
97,75T0IC,Vendor Account,IXAW6_75T0IC,3dw4c@company.com,user97@company.com,First97,Last97,First97 Last97,First97 Last97,IT,SubDept2,SubSubDept1,2870,192.168.1.128,Sample Note,"CN=User97,OU=Dept2",Office1,Consultant,9.20E+11,B2,Junior,08-04-2020,03-06-2023,COMPANY,OrgUnit7,Manager7,HM40OE,Manager7,manager7@company.com,"CN=Manager7,OU=Dept2",28-11-2022,06-08-1999,672401,Mumbai,Tamil Nadu,USA,Bajaj Finserv Direct Limited,Bajaj Group,Active,Valid,Never Expires,Never Expires,MEFOZTP7,BD4W1ARA,91,09-12-2023,Yes,Vendor,Yes
98,ZVKY2R,Active Directory User,O7VBG_ZVKY2R,r8w2m@company.com,user98@company.com,First98,Last98,First98 Last98,First98 Last98,IT,SubDept3,SubSubDept2,4860,192.168.1.50,Sample Note,"CN=User98,OU=Dept3",Office2,Manager,9.19E+11,B1,Senior,19-08-2022,16-07-2021,COMPANY,OrgUnit8,Manager8,59SQWH,Manager8,manager8@company.com,"CN=Manager8,OU=Dept3",23-03-2020,04-08-1986,218152,Mumbai,Delhi,Germany,Bajaj Finserv Direct Limited,Bajaj Group,Active,Valid,19-09-2025,09-03-2025,YBXKPM21,B07G2RE6,227,09-07-2022,No,Application,No
99,P06IDI,-,QR6F7_P06IDI,qnezw@company.com,user99@company.com,First99,Last99,First99 Last99,First99 Last99,Finance,SubDept4,SubSubDept0,4313,192.168.1.86,Sample Note,"CN=User99,OU=Dept4",Office3,Senior Analyst,9.17E+11,B1,Junior,11-03-2021,31-07-2020,COMPANY,OrgUnit9,Manager9,DQP1HK,Manager9,manager9@company.com,"CN=Manager9,OU=Dept4",31-08-2020,21-10-2000,278190,Chennai,West Bengal,USA,Bajaj Finserv Health Limited,Bajaj Group,Active,Expired,Never Expires,07-04-2025,4R9V4K00,ILU6VFUA,22,03-03-2020,No,Vendor,No
100,0SPO3Z,Vendor Account,YOHMI_0SPO3Z,9ayfq@company.com,user100@company.com,First100,Last100,First100 Last100,First100 Last100,Operations,SubDept0,SubSubDept1,1399,192.168.1.250,Sample Note,"CN=User100,OU=Dept0",Office0,Engineer,9.19E+11,B2,Senior,20-09-2023,28-12-2022,COMPANY,OrgUnit0,Manager0,O2NQW4,Manager0,manager0@company.com,"CN=Manager0,OU=Dept0",19-04-2020,04-02-1993,824304,Delhi,West Bengal,India,Bajaj Housing Finance Limited,Bajaj Group,Inactive,Expired,Never Expires,Never Expires,1ZWUHYWM,7S6NBNQB,187,29-09-2020,Yes,Vendor,Yes
